{"Формула логіки висловлень, яка істинна, якщо p та q мають різні значення істинності, а якщо однакові, то вона фальшива – це": ["p⊕q", ["p∧q", "p∨q", "p→q", "p∼q", "p⊕q"]], "Формула логіки висловлень, яка фальшива, якщо p та q водночас фальшиві, а у всіх інших випадках істинна, – це": ["p∨q", ["p→q", "p∧q", "p∼q", "p∨q", "p⊕q"]], "Формула логіки висловлень, яка істинна, якщо p та q водночас істинні, а у всіх інших випадках фальшива, – це": ["p∧q", ["p∼q", "p⊕q", "p→q", "p∨q", "p∧q"]], "Формула логіки висловлень, яка фальшива, якщо p – істина, а q – фальш, а у всіх інших випадках істинна, – це": ["p→q", ["p∼q", "p∨q", "p∧q", "p⊕q", "p→q"]], "Інтерпретація формули логіки висловлень – це": ["Будь-який набір значень істинності всіх атомів формули", ["Такий набір значень істинності всіх атомів формули, на якому вона набуває значення T", "Виявлення всіх наборів значень істинності атомів формули, на яких вона набуває значення T", "Будь-який набір значень істинності всіх атомів формули", "Приписування кожному атому змісту розповідного речення природної мови"]], "Формула ((p→q)∧¬q)→¬p": ["тавтологія", ["виконувана, але не тавтологія", "тавтологія", "суперечна"]], "Формула ((p→q)∧q)→p": ["виконувана, але не тавтологія", ["виконувана, але не тавтологія", "суперечна", "тавтологія"]], "Формула (p→q)∧¬q∧p": ["суперечна", ["тавтологія", "суперечна", "виконувана, але не тавтологія"]], "Чи еквівалентні формули? p→(q∧r) та (p→q)∧(p→r)": ["так", ["так", "ні"]], "Чи еквівалентні формули? (p→q)→r та p→(q→r)": ["ні", ["так", "ні"]], "Правило логічного виведення \"modus tollens\" - це": ["(¬q,p→q)÷(¬p)", ["(¬q,p→q)÷(¬p)", "(p∨q,¬p∨r)÷(q∨r)", "(p∨q,¬p)÷(q)", "(p,p→q)÷(q)", "(p→q,q→r)÷(p→r)"]], "Правило логічного виведення \"modus ponens\" - це": ["(p,p→q)÷(q)", ["(p,p→q)÷(q)", "(p→q,q→r)÷(p→r)", "(p∨q,¬p)÷(q)", "(¬q,p→q)÷(¬p)", "(p∨q,¬p∨r)÷(q∨r)"]], "Правило логічного виведення \"диз'юнктивний силогізм\" - це": ["(p∨q,¬p)÷(q)", ["(p∨q,¬p∨r)÷(q∨r)", "(p→q,q→r)÷(p→r)", "(¬q,p→q)÷(¬p)", "(p,p→q)÷(q)", "(p∨q,¬p)÷(q)"]], "Правило логічного виведення \"резолюція\" - це": ["(p∨q,¬p∨r)÷(q∨r)", ["(¬q,p→q)÷(¬p)", "(p∨q,¬p∨r)÷(q∨r)", "(p,p→q)÷(q)", "(p→q,q→r)÷(p→r)", "(p∨q,¬p)÷(q)"]], "Формула g – логічний наслідок формул f1, f2, ..., fn тоді й лише тоді, коли": ["формула (f1∧f2∧...∧fn)→g тавтологія", ["формула (f1∧f2∧...∧fn)→g тавтологія", "формула f1∧f2∧...∧fn∧g суперечність", "формула (f1∧f2∧...∧fn)→g виконувана", "формула (f1∧f2∧...∧fn)→¬g суперечність", "формула f1∧f2∧...∧fn∧¬g тавтологія"]], "Скільки зв'язаних входжень змінної x у формулі ∀xP(x,y)": ["два", ["зовсім немає", "одне", "два"]], "Змінна y у формулі ∀xP(x,y)∨∃yQ(y)": ["вільна і зв'язана", ["тільки зв'язана", "тільки вільна", "вільна і зв'язана"]], "Нехай Q(x) означає \"x – раціональне число\", R(x) означає \"x – дійсне число\". Записати формулою логіки першого порядку вираз \"не кожне дійсне число є раціональним числом\".": ["∃x(¬Q(x)∧R(x))", ["∃x(¬Q(x)→R(x))", "∃x(¬Q(x)∨R(x))", "∃x(Q(x)→¬R(x))", "∃x(¬Q(x)∧R(x))"]], "Нехай C(x) означає \"x – торговець потриманими автомобілями\", H(x) означає \"x – чесна людина\". Записати формулою логіки першого порядку вираз \"кожний торговець потриманими автомобілями є нечесною людиною\"": ["∀x(C(x)→¬H(x))", ["∀x(C(x)∧¬H(x))", "∀x(¬H(x)→C(x))", "∀x¬(C(x)→H(x))", "∀x(C(x)→¬H(x))"]], "Для такої інтерпретації в області M = {a, b}: P(a,a)=T P(a,b)=F P(b,a)=F P(b,b)=T, визначити значення істинності формули ∀x∃yP(x,y)": ["T", ["T", "F"]], "Для такої інтерпретації в області M = {a, b}: P(a,a)=T P(a,b)=F P(b,a)=F P(b,b)=T, визначити значення істинності формули ∀x∀yP(x,y)": ["F", ["T", "F"]], "Для такої інтерпретації в області M = {a, b}: P(a,a)=T P(a,b)=F P(b,a)=F P(b,b)=T, визначити значення істинності формули ∃x∀yP(x,y)": ["F", ["T", "F"]], "Чи правильна логічна еквівалентність? ∀x(P(x)∧Q(x))≡∀xP(x)∧∀xQ(x)": ["так", ["так", "ні"]], "Чи правильна логічна еквівалентність? ∀x(P(x)∨Q(x))≡∀xP(x)∨∀xQ(x)": ["ні", ["так", "ні"]], "Чи правильна логічна еквівалентність? ∀x(P(x)∨Q)≡∀xP(x)∨Q": ["так", ["так", "ні"]], "Чи правильно, що з гіпотези логічно випливає висновок? Гіпотеза: ∃y∀xР(х,у) Висновок: ∀х∃уР(х,у)": ["так", ["так", "ні"]], "Чи правильно, що з гіпотези логічно випливає висновок? Гіпотеза: ∀х∃уР(х,у) Висновок: ∃y∀xР(х,у)": ["ні", ["так", "ні"]], "На якій області інтерпретації є істинним таке математичне твердження? ∀x∀y∃z((x<z∧z<y)∨(y<z∧z<x))": ["множина всіх дійсних чисел", ["множина всіх дійсних чисел", "множина всіх натуральних чисел", "множина всіх цілих чисел"]], "Задати множину {x | x – квадрат цілого числа і x < 50} переліченням її елементів": ["{0, 1, 4, 9, 16, 25, 36, 49}", ["{0, 1, 4, 9, 16, 25, 36, 49}", "{0, 1, 2, 3, 4, 5, 6, 7}", "{1, 4, 9, 16, 25, 36, 49}", "{–7, –6, –5, –4, –3, –2, –1, 0, 1, 2, 3, 4, 5, 6, 7}"]], "Задати множину {–3, –2, –1, 0, 1, 2, 3}, вказавши властивість її елементів": ["{x∈Z|−3≤x≤3}", ["{x∈R|−3≤x≤3}", "{x∈Z|−3≤x≤3}", "{x|−3≤x≤3}", "{x∈N|−3≤x≤3}"]], "Нехай A×B=∅. Який висновок із цього можна зробити?": ["хоча б одна з множин A та B порожня", ["хоча б одна з множин A та B порожня", "обидві множини A та B порожні", "множини A та B не містять спільних елементів (тобто не перетинаються)"]], "Виписати всі упорядковані пари, які містить відношення R із множини A = {0, 1, 2, 3, 4} у множину B = {0, 1, 2, 3}, якщо (a, b) ∈ R тоді і тільки тоді, коли a + b = 4": ["{(1, 3), (2, 2), (3, 1), (4, 0)}", ["{(1, 3), (2, 2), (3, 1), (4, 0), (0, 4)}", "{(1, 3), (2, 2), (3, 1), (0, 4)}", "{(1, 3), (2, 2), (0, 4)}", "{(1, 3), (2, 2), (3, 1), (4, 0)}"]], "На множині {1, 2, 3, 4} задано відношення {(1, 1), (1, 2), (2, 1), (2, 2), (3, 3), (4, 4)}. Чи це відношення рефлексивне?": ["так", ["так", "ні"]], "На множині {1, 2, 3, 4} задано відношення {(1, 1), (1, 2), (2, 1), (2, 2), (3, 3), (4, 4)}. Чи це відношення симетричне?": ["так", ["так", "ні"]], "На множині {1, 2, 3, 4} задано відношення {(1, 1), (1, 2), (2, 1), (2, 2), (3, 3), (4, 4)}. Чи це відношення антисиметричне?": ["ні", ["так", "ні"]], "На множині {1, 2, 3, 4} задано відношення {(1, 1), (1, 2), (2, 1), (2, 2), (3, 3), (4, 4)}. Чи це відношення асиметричне?": ["ні", ["так", "ні"]], "На множині {1, 2, 3, 4} задано відношення {(1, 1), (1, 2), (2, 1), (2, 2), (3, 3), (4, 4)}. Чи це відношення транзитивне?": ["так", ["так", "ні"]]}