{"Три явища, які лежать в основі західної цивілізації, це:": ["компас, порох, книгодрукування", ["секс, порох, залізниця", "залізниця, компас, порох", "компас, порох, книгодрукування", "книгодрукування, залізниця, сексуальна революція"]], "Що є найяскравішим символом постіндустріального світу?": ["сервісні індустрії", ["розвиток вищої освіти", "енергетичні індустрії", "сервісні індустрії", "еміграція"]], "Хто автор фрази: \"Внесок істориків полягає у тому, щоби вказати на потенційно важливі фактори\".": ["Александр Гершенкрон", ["Микола Грушевський", "Леопольд фон Ранке", "Томас Гоббс", "Александр Гершенкрон"]], "Якою була середня тривалість життя впродовж більшої частини людської історії?": ["25 років", ["25 років", "60 років", "Вона завжди різко коливалась", "45 років"]], "Які постаті зображені в центрі фрески Рафаеля \"Афінська школа\"?": ["Платон і Арістотель", ["Платон і Піфагор", "Сократ і Платон", "Рафаель і Сократ", "Платон і Арістотель"]], "Назвіть двох авторів головних концепцій української історії на початку XX століття.": ["Вячеслав Липинський - Дмитро Донцов", ["Вячеслав Липинський - Олександр Оглоблин", "Дмитро Донцов - Михайло Грушевський", "Михайло Грушевський - Іван Крип'якевич", "Вячеслав Липинський - Дмитро Донцов"]], "З якого питання починається наука?": ["Чому?", ["Хто?", "Коли?", "Що?", "Чому?"]], "Переламним моментом в інтенсивності наукових відкриттів стало:": ["Публікація праці Ньютона  \"Математичні начала натурфілософії\"", ["відкриття Америки", "винайдення телескопа", "Публікація праці Ньютона \"Математичні начала натурфілософії\"", "винайдення парового двигуна"]], "Кому належить фраза: \"Вивчення історії - необхідна передумова для визволення розуму\"?": ["Джону Мейнарду Кейнсу", ["Геродоту", "Ернесту Ренану", "Ярославу Грицаку", "Джону Мейнарду Кейнсу"]], "Як називалась концепція історіописання, розвинута фернаном Броделем?": ["довге тривання", ["подієва історія", "позитивізм", "довге тривання", "школа анналів"]], "Вкажіть автора: \"У всесвітній історії може бути лише мова про ті народи, які утворюють державу\".": ["Яеорґ Фрідріх Гегель", ["Яеорґ Фрідріх Гегель", "Фернан Бродель", "Ульянов-Ленін", "Михайло Грушевський"]], "Ключем до розгадки клинопису став": ["Бегістанський монумент", ["Стела Гамурабі", "\"Епос про Гільгамеша\"", "Бегістанський монумент", "Розетський камінь"]], "Неолітична революція - це": ["перехід до відтворювальної господарки", ["винайдення людством писемності", "перехід до відтворювальної господарки", "початок використання людськими спільнотами металів", "початок цивілізованого стану суспільства"]], "Першою людиною, яка змогла читати клинописні тексти, був": ["Георг Фрідріх Гроттефенд", ["Генрі Роулінсон", "Джордж Сміт", "П'єтро делла Вале", "Георг Фрідріх Гроттефенд"]], "Назва \"Месопотамія\" означає": ["\"земля між двома ріками\"", ["синонім назви \"Шумер\"", "\"багатий водою край\"", "\"земля між двома ріками\"", "\"центральна частина\""]], "Ритуальна вежа, яку споруджували в центрі шумерських міст, називалася": ["зіккурат", ["шумерійка", "зіккурат", "мардук", "бабель"]], "Держава, яка прийшла на зміну шумерським містам-державам -": ["Аккад", ["Хетська держава", "Вавилонія", "Ассирія", "Аккад"]], "До якої мовної сім'ї належить шумерська мова?": ["не належить до жодної", ["індоєвропейської", "сепмітської", "семітохамітської", "не належить до жодної"]], "Як називали  героя одного з шумерських епосів, який був прообразом біблійного Ноя?": ["Утнапіштім", ["Гільгамеш", "Утнапіштім", "Енкіду", "Енліль"]], "Хто з перелічених був одним з найвідоміших законодавців Стародавнього Сходу?": ["Урукагіна", ["Мардук", "Утнапіштім", "Урукагіна", "Авраам"]], "Що таке \"родючий серп\"?": ["родючі грунти, які знаходилися на Близькому Сході та в Північній Африці", ["Ритуальне знаряддя, яке використовувалося в похоронному обряді", "мітичне знаряддя Осиріса", "родючі грунти, які знаходилися на Близькому Сході та в Північній Африці", "один із символів фараонів Нижнього Єгипту"]], "Де в наші дні знаходиться Розетський камінь?": ["у Британському музеї", ["в музеї Метрополітен в Нью-Йорку", "в музеї Каїру", "у Британському музеї", "в Луврі в Парижі"]], "Картуш - це": ["рамка, яка обрамляє ім'я фараона у написах", ["рамка, яка обрамляє ім'я фараона у написах", "одна з найдавніших столиць Єгипту", "столярний інструмент для різблення ієрогліфів на камені", "назва жезла фараона"]], "Першою столицею об'єднаного царства став": ["Мемфіс", ["Фіви (Теби)", "Картуш", "Гіза", "Мемфіс"]], "Назвіть фараона, який став великим, але неуспішним релігійним реформатором": ["Ехнатон", ["Рамзес II", "Хатшепсут", "Ехнатон", "Хеопс"]], "Кого з перелічених можна назвати прямими етнічними нащадками давніх єгиптян?": ["коптів", ["лівійців", "коптів", "фінікійців", "арабів"]], "Жан Франсуа Шампольйон": ["створив першу граматику єгипетської мови", ["знайшов перші тексти \"Книги мертвих\"", "був учасником Наполеонівської експедиції до Єгипту", "створив першу граматику єгипетської мови", "дослідив піраміду Тутанхамона"]], "Що в давньоєгипетській мові означало \"ра\"?": ["\"сонце\"", ["\"син\"", "\"правитель\"", "\"сонце\"", "\"найпотужніший\""]], "Який з наступних чинників слід вважати найважливішим у формуванні єгипетської цивілізації?": ["географічну ізольованість", ["побудову пірамід", "нашестя гіксосів", "географічну ізольованість", "вихід до Середземного моря"]], "Відзначте ім'я правительки-жінки, яка стала останньою в історії давнього Єгипту": ["Клеопатра", ["Клеопатра", "Хатшепсут", "Нефертіті", "Ізида"]], "Ім'я особи, яка залишила нащадкам повний династичний список єгипетських фараонів:": ["Мането", ["Мането", "Геродот", "Ехнатон", "Шампольйон"]], "Чи правильне наступне твердження: \"Політична система Єгипту була однією з найбільш нестабільних у стародавньому світі\".": ["Неправильно", ["Правильно", "Неправильно"]], "Чи правильне наступне твердження: \"Велетенські піраміди біля Ґізи були збудовані в часи Середнього Царства\".": ["Неправильно", ["Правильно", "Неправильно"]], "Найдавніші відомі дослідникам племена, які належать до індоєвропейської мовної сім'ї": ["хетіти (хети)", ["перси", "гіксоси", "хетіти (хети)", "фінікійці"]], "Царство Хаммурапі перестало існувати": ["внаслідок нападу хеттітів", ["внаслідок нападу хеттітів", "після об'єднання з Халдеєю та Мідією", "після смерті володаря", "внаслідок руйнації після катастрофічної повені"]], "Арамейська мова -": ["стала мовою спілкування давнього Близького Сходу завдяки ассирійцям.", ["належить до індроєвропейської мовної сім'ї", "належала кочовим племенам Аравійського півострова", "стала мовою спілкування давнього Близького Сходу завдяки ассирійцям", "була державною мовою Перської імперії"]], "Столицею Ассирійської імперії в часи її розквіту було місто": ["Ніневія", ["Персеполіс", "Вавилон", "Ніневія", "Ашшур"]], "Давні греки вживали назву \"мідійці\" для": ["персів", ["халдейців", "фінікійців", "ассирійців", "персів"]], "Біблійна назва \"Ханаан\" відповідає історичній назві": ["фінікійців", ["єгиптян", "фінікійців", "хеттітів", "халдейців"]], "Засновником Перської держави вважають царя": ["Кіра", ["Навуходоносора", "Дарія", "Камбіза", "Кіра"]], "Зороастризм як нову релігійну систему монотеїстичного типу запровадив у Персії": ["Дарій I", ["Дарій I", "Заратустра", "Кір", "Есаргадон"]], "Найвправнішими мореплявцями давнини ввважають": ["фінікійців", ["фінікійців", "гіксосів", "персів", "єгиптян"]], "Найдавніші написи першою в історії фонетичною абеткою знайдені": ["у місті Біблос", ["у місті Сідон", "у місті Біблос", "у місті Сегем", "у місті Тір"]], "Назва \"гебраї\"": ["є єгипетського походження", ["є грецького походження", "отримана євреями шляхом одкровення", "є самоназвою давніх євреїв", "є єгипетського походження"]], "За міфічною традицією творцем грецької писемності був": ["брат Європи Кадм", ["брат Європи Кадм", "Зевс", "бог мистецтв Аполон", "Цар Мікен Агамемнон"]], "Мінойську культуру на Кріті ретельно дослідив та визначив її хронологію": ["Артур Еванс", ["Жан Франсуа Шампольйон", "Артур Еванс", "Генріх Шліман", "Геродот"]], "Найвідоміший в давньому світі культ прорицателя майбутнього називався": ["Дельфійський Оракул", ["лабіринт Мінотавра", "Дельфійський Оракул", "Скриня Пандори", "культ Золотого Руна"]], "Писемність, поширена в зоні мікенської культури, розвинулась на основі": ["лінійного письма Б", ["невідомого виду письма", "фінікійської писемності", "лінійного письма Б", "лінійного письма А"]], "Хто вважав демократію зіпсованою формою урядування?": ["Платон", ["Солон", "Платон", "Перікл", "Клісфен"]], "Назву \"темні віки\" в історії давньої Греції отримав": ["період дорійського завоювання", ["період примусової колонізації", "період війни з Троєю", "період дорійського завоювання", "період тектонічної активності земної кори та виверждень Тери"]], "Який з грецьких полісів мав найбільше кількість населення?": ["Афіни", ["Фіви", "Спарта", "Афіни", "Коринф"]], "Що таке \"екехирія\"?": ["священний мир", ["водяний годинник", "спосіб збору податків населенням поліса", "священний мир", "рада старійшин"]]}